ASSESSMENT_START_TIME;FINDING_UNIQUE_ID;PROVIDER;CHECK_ID;CHECK_TITLE;CHECK_TYPE;STATUS;STATUS_EXTENDED;SERVICE_NAME;SUBSERVICE_NAME;SEVERITY;RESOURCE_TYPE;RESOURCE_DETAILS;RESOURCE_TAGS;DESCRIPTION;RISK;RELATED_URL;REMEDIATION_RECOMMENDATION_TEXT;REMEDIATION_RECOMMENDATION_URL;REMEDIATION_RECOMMENDATION_CODE_NATIVEIAC;REMEDIATION_RECOMMENDATION_CODE_TERRAFORM;REMEDIATION_RECOMMENDATION_CODE_CLI;REMEDIATION_RECOMMENDATION_CODE_OTHER;COMPLIANCE;CATEGORIES;DEPENDS_ON;RELATED_TO;NOTES;PROFILE;ACCOUNT_ID;ACCOUNT_NAME;ACCOUNT_EMAIL;ACCOUNT_ARN;ACCOUNT_ORG;ACCOUNT_TAGS;REGION;RESOURCE_ID;RESOURCE_ARN
2025-05-07T08:46:08.241680;prowler-aws-accessanalyzer_enabled-958933162077-ap-northeast-1-958933162077;aws;accessanalyzer_enabled;Check if IAM Access Analyzer is enabled;IAM;FAIL;IAM Access Analyzer in account 958933162077 is not enabled.;accessanalyzer;;low;Other;;;Check if IAM Access Analyzer is enabled;AWS IAM Access Analyzer helps you identify the resources in your organization and accounts, such as Amazon S3 buckets or IAM roles, that are shared with an external entity. This lets you identify unintended access to your resources and data, which is a security risk. IAM Access Analyzer uses a form of mathematical analysis called automated reasoning, which applies logic and mathematical inference to determine all possible access paths allowed by a resource policy.;https://docs.aws.amazon.com/IAM/latest/UserGuide/what-is-access-analyzer.html;Enable IAM Access Analyzer for all accounts, create analyzer and take action over it is recommendations (IAM Access Analyzer is available at no additional cost).;https://docs.aws.amazon.com/IAM/latest/UserGuide/what-is-access-analyzer.html;;;aws accessanalyzer create-analyzer --analyzer-name <NAME> --type <ACCOUNT|ORGANIZATION>;;CIS-1.4: 1.20 | CIS-1.5: 1.20 | CIS-2.0: 1.20;;;;;;958933162077;;;;;;ap-northeast-1;958933162077;arn:aws:iam::958933162077:root
2025-05-07T08:46:08.241680;prowler-aws-accessanalyzer_enabled-958933162077-ap-northeast-2-958933162077;aws;accessanalyzer_enabled;Check if IAM Access Analyzer is enabled;IAM;FAIL;IAM Access Analyzer in account 958933162077 is not enabled.;accessanalyzer;;low;Other;;;Check if IAM Access Analyzer is enabled;AWS IAM Access Analyzer helps you identify the resources in your organization and accounts, such as Amazon S3 buckets or IAM roles, that are shared with an external entity. This lets you identify unintended access to your resources and data, which is a security risk. IAM Access Analyzer uses a form of mathematical analysis called automated reasoning, which applies logic and mathematical inference to determine all possible access paths allowed by a resource policy.;https://docs.aws.amazon.com/IAM/latest/UserGuide/what-is-access-analyzer.html;Enable IAM Access Analyzer for all accounts, create analyzer and take action over it is recommendations (IAM Access Analyzer is available at no additional cost).;https://docs.aws.amazon.com/IAM/latest/UserGuide/what-is-access-analyzer.html;;;aws accessanalyzer create-analyzer --analyzer-name <NAME> --type <ACCOUNT|ORGANIZATION>;;CIS-1.4: 1.20 | CIS-1.5: 1.20 | CIS-2.0: 1.20;;;;;;958933162077;;;;;;ap-northeast-2;958933162077;arn:aws:iam::958933162077:root
2025-05-07T08:46:08.241680;prowler-aws-accessanalyzer_enabled-958933162077-ap-northeast-3-958933162077;aws;accessanalyzer_enabled;Check if IAM Access Analyzer is enabled;IAM;FAIL;IAM Access Analyzer in account 958933162077 is not enabled.;accessanalyzer;;low;Other;;;Check if IAM Access Analyzer is enabled;AWS IAM Access Analyzer helps you identify the resources in your organization and accounts, such as Amazon S3 buckets or IAM roles, that are shared with an external entity. This lets you identify unintended access to your resources and data, which is a security risk. IAM Access Analyzer uses a form of mathematical analysis called automated reasoning, which applies logic and mathematical inference to determine all possible access paths allowed by a resource policy.;https://docs.aws.amazon.com/IAM/latest/UserGuide/what-is-access-analyzer.html;Enable IAM Access Analyzer for all accounts, create analyzer and take action over it is recommendations (IAM Access Analyzer is available at no additional cost).;https://docs.aws.amazon.com/IAM/latest/UserGuide/what-is-access-analyzer.html;;;aws accessanalyzer create-analyzer --analyzer-name <NAME> --type <ACCOUNT|ORGANIZATION>;;CIS-1.4: 1.20 | CIS-1.5: 1.20 | CIS-2.0: 1.20;;;;;;958933162077;;;;;;ap-northeast-3;958933162077;arn:aws:iam::958933162077:root
2025-05-07T08:46:08.241680;prowler-aws-accessanalyzer_enabled-958933162077-ap-south-1-958933162077;aws;accessanalyzer_enabled;Check if IAM Access Analyzer is enabled;IAM;FAIL;IAM Access Analyzer in account 958933162077 is not enabled.;accessanalyzer;;low;Other;;;Check if IAM Access Analyzer is enabled;AWS IAM Access Analyzer helps you identify the resources in your organization and accounts, such as Amazon S3 buckets or IAM roles, that are shared with an external entity. This lets you identify unintended access to your resources and data, which is a security risk. IAM Access Analyzer uses a form of mathematical analysis called automated reasoning, which applies logic and mathematical inference to determine all possible access paths allowed by a resource policy.;https://docs.aws.amazon.com/IAM/latest/UserGuide/what-is-access-analyzer.html;Enable IAM Access Analyzer for all accounts, create analyzer and take action over it is recommendations (IAM Access Analyzer is available at no additional cost).;https://docs.aws.amazon.com/IAM/latest/UserGuide/what-is-access-analyzer.html;;;aws accessanalyzer create-analyzer --analyzer-name <NAME> --type <ACCOUNT|ORGANIZATION>;;CIS-1.4: 1.20 | CIS-1.5: 1.20 | CIS-2.0: 1.20;;;;;;958933162077;;;;;;ap-south-1;958933162077;arn:aws:iam::958933162077:root
2025-05-07T08:46:08.241680;prowler-aws-accessanalyzer_enabled-958933162077-ap-southeast-1-958933162077;aws;accessanalyzer_enabled;Check if IAM Access Analyzer is enabled;IAM;FAIL;IAM Access Analyzer in account 958933162077 is not enabled.;accessanalyzer;;low;Other;;;Check if IAM Access Analyzer is enabled;AWS IAM Access Analyzer helps you identify the resources in your organization and accounts, such as Amazon S3 buckets or IAM roles, that are shared with an external entity. This lets you identify unintended access to your resources and data, which is a security risk. IAM Access Analyzer uses a form of mathematical analysis called automated reasoning, which applies logic and mathematical inference to determine all possible access paths allowed by a resource policy.;https://docs.aws.amazon.com/IAM/latest/UserGuide/what-is-access-analyzer.html;Enable IAM Access Analyzer for all accounts, create analyzer and take action over it is recommendations (IAM Access Analyzer is available at no additional cost).;https://docs.aws.amazon.com/IAM/latest/UserGuide/what-is-access-analyzer.html;;;aws accessanalyzer create-analyzer --analyzer-name <NAME> --type <ACCOUNT|ORGANIZATION>;;CIS-1.4: 1.20 | CIS-1.5: 1.20 | CIS-2.0: 1.20;;;;;;958933162077;;;;;;ap-southeast-1;958933162077;arn:aws:iam::958933162077:root
2025-05-07T08:46:08.241680;prowler-aws-accessanalyzer_enabled-958933162077-ap-southeast-2-958933162077;aws;accessanalyzer_enabled;Check if IAM Access Analyzer is enabled;IAM;FAIL;IAM Access Analyzer in account 958933162077 is not enabled.;accessanalyzer;;low;Other;;;Check if IAM Access Analyzer is enabled;AWS IAM Access Analyzer helps you identify the resources in your organization and accounts, such as Amazon S3 buckets or IAM roles, that are shared with an external entity. This lets you identify unintended access to your resources and data, which is a security risk. IAM Access Analyzer uses a form of mathematical analysis called automated reasoning, which applies logic and mathematical inference to determine all possible access paths allowed by a resource policy.;https://docs.aws.amazon.com/IAM/latest/UserGuide/what-is-access-analyzer.html;Enable IAM Access Analyzer for all accounts, create analyzer and take action over it is recommendations (IAM Access Analyzer is available at no additional cost).;https://docs.aws.amazon.com/IAM/latest/UserGuide/what-is-access-analyzer.html;;;aws accessanalyzer create-analyzer --analyzer-name <NAME> --type <ACCOUNT|ORGANIZATION>;;CIS-1.4: 1.20 | CIS-1.5: 1.20 | CIS-2.0: 1.20;;;;;;958933162077;;;;;;ap-southeast-2;958933162077;arn:aws:iam::958933162077:root
2025-05-07T08:46:08.241680;prowler-aws-accessanalyzer_enabled-958933162077-ca-central-1-958933162077;aws;accessanalyzer_enabled;Check if IAM Access Analyzer is enabled;IAM;FAIL;IAM Access Analyzer in account 958933162077 is not enabled.;accessanalyzer;;low;Other;;;Check if IAM Access Analyzer is enabled;AWS IAM Access Analyzer helps you identify the resources in your organization and accounts, such as Amazon S3 buckets or IAM roles, that are shared with an external entity. This lets you identify unintended access to your resources and data, which is a security risk. IAM Access Analyzer uses a form of mathematical analysis called automated reasoning, which applies logic and mathematical inference to determine all possible access paths allowed by a resource policy.;https://docs.aws.amazon.com/IAM/latest/UserGuide/what-is-access-analyzer.html;Enable IAM Access Analyzer for all accounts, create analyzer and take action over it is recommendations (IAM Access Analyzer is available at no additional cost).;https://docs.aws.amazon.com/IAM/latest/UserGuide/what-is-access-analyzer.html;;;aws accessanalyzer create-analyzer --analyzer-name <NAME> --type <ACCOUNT|ORGANIZATION>;;CIS-1.4: 1.20 | CIS-1.5: 1.20 | CIS-2.0: 1.20;;;;;;958933162077;;;;;;ca-central-1;958933162077;arn:aws:iam::958933162077:root
2025-05-07T08:46:08.241680;prowler-aws-accessanalyzer_enabled-958933162077-eu-central-1-958933162077;aws;accessanalyzer_enabled;Check if IAM Access Analyzer is enabled;IAM;FAIL;IAM Access Analyzer in account 958933162077 is not enabled.;accessanalyzer;;low;Other;;;Check if IAM Access Analyzer is enabled;AWS IAM Access Analyzer helps you identify the resources in your organization and accounts, such as Amazon S3 buckets or IAM roles, that are shared with an external entity. This lets you identify unintended access to your resources and data, which is a security risk. IAM Access Analyzer uses a form of mathematical analysis called automated reasoning, which applies logic and mathematical inference to determine all possible access paths allowed by a resource policy.;https://docs.aws.amazon.com/IAM/latest/UserGuide/what-is-access-analyzer.html;Enable IAM Access Analyzer for all accounts, create analyzer and take action over it is recommendations (IAM Access Analyzer is available at no additional cost).;https://docs.aws.amazon.com/IAM/latest/UserGuide/what-is-access-analyzer.html;;;aws accessanalyzer create-analyzer --analyzer-name <NAME> --type <ACCOUNT|ORGANIZATION>;;CIS-1.4: 1.20 | CIS-1.5: 1.20 | CIS-2.0: 1.20;;;;;;958933162077;;;;;;eu-central-1;958933162077;arn:aws:iam::958933162077:root
2025-05-07T08:46:08.241680;prowler-aws-accessanalyzer_enabled-958933162077-eu-north-1-958933162077;aws;accessanalyzer_enabled;Check if IAM Access Analyzer is enabled;IAM;FAIL;IAM Access Analyzer in account 958933162077 is not enabled.;accessanalyzer;;low;Other;;;Check if IAM Access Analyzer is enabled;AWS IAM Access Analyzer helps you identify the resources in your organization and accounts, such as Amazon S3 buckets or IAM roles, that are shared with an external entity. This lets you identify unintended access to your resources and data, which is a security risk. IAM Access Analyzer uses a form of mathematical analysis called automated reasoning, which applies logic and mathematical inference to determine all possible access paths allowed by a resource policy.;https://docs.aws.amazon.com/IAM/latest/UserGuide/what-is-access-analyzer.html;Enable IAM Access Analyzer for all accounts, create analyzer and take action over it is recommendations (IAM Access Analyzer is available at no additional cost).;https://docs.aws.amazon.com/IAM/latest/UserGuide/what-is-access-analyzer.html;;;aws accessanalyzer create-analyzer --analyzer-name <NAME> --type <ACCOUNT|ORGANIZATION>;;CIS-1.4: 1.20 | CIS-1.5: 1.20 | CIS-2.0: 1.20;;;;;;958933162077;;;;;;eu-north-1;958933162077;arn:aws:iam::958933162077:root
2025-05-07T08:46:08.241680;prowler-aws-accessanalyzer_enabled-958933162077-eu-west-1-958933162077;aws;accessanalyzer_enabled;Check if IAM Access Analyzer is enabled;IAM;FAIL;IAM Access Analyzer in account 958933162077 is not enabled.;accessanalyzer;;low;Other;;;Check if IAM Access Analyzer is enabled;AWS IAM Access Analyzer helps you identify the resources in your organization and accounts, such as Amazon S3 buckets or IAM roles, that are shared with an external entity. This lets you identify unintended access to your resources and data, which is a security risk. IAM Access Analyzer uses a form of mathematical analysis called automated reasoning, which applies logic and mathematical inference to determine all possible access paths allowed by a resource policy.;https://docs.aws.amazon.com/IAM/latest/UserGuide/what-is-access-analyzer.html;Enable IAM Access Analyzer for all accounts, create analyzer and take action over it is recommendations (IAM Access Analyzer is available at no additional cost).;https://docs.aws.amazon.com/IAM/latest/UserGuide/what-is-access-analyzer.html;;;aws accessanalyzer create-analyzer --analyzer-name <NAME> --type <ACCOUNT|ORGANIZATION>;;CIS-1.4: 1.20 | CIS-1.5: 1.20 | CIS-2.0: 1.20;;;;;;958933162077;;;;;;eu-west-1;958933162077;arn:aws:iam::958933162077:root
2025-05-07T08:46:08.241680;prowler-aws-accessanalyzer_enabled-958933162077-eu-west-2-958933162077;aws;accessanalyzer_enabled;Check if IAM Access Analyzer is enabled;IAM;FAIL;IAM Access Analyzer in account 958933162077 is not enabled.;accessanalyzer;;low;Other;;;Check if IAM Access Analyzer is enabled;AWS IAM Access Analyzer helps you identify the resources in your organization and accounts, such as Amazon S3 buckets or IAM roles, that are shared with an external entity. This lets you identify unintended access to your resources and data, which is a security risk. IAM Access Analyzer uses a form of mathematical analysis called automated reasoning, which applies logic and mathematical inference to determine all possible access paths allowed by a resource policy.;https://docs.aws.amazon.com/IAM/latest/UserGuide/what-is-access-analyzer.html;Enable IAM Access Analyzer for all accounts, create analyzer and take action over it is recommendations (IAM Access Analyzer is available at no additional cost).;https://docs.aws.amazon.com/IAM/latest/UserGuide/what-is-access-analyzer.html;;;aws accessanalyzer create-analyzer --analyzer-name <NAME> --type <ACCOUNT|ORGANIZATION>;;CIS-1.4: 1.20 | CIS-1.5: 1.20 | CIS-2.0: 1.20;;;;;;958933162077;;;;;;eu-west-2;958933162077;arn:aws:iam::958933162077:root
2025-05-07T08:46:08.241680;prowler-aws-accessanalyzer_enabled-958933162077-eu-west-3-958933162077;aws;accessanalyzer_enabled;Check if IAM Access Analyzer is enabled;IAM;FAIL;IAM Access Analyzer in account 958933162077 is not enabled.;accessanalyzer;;low;Other;;;Check if IAM Access Analyzer is enabled;AWS IAM Access Analyzer helps you identify the resources in your organization and accounts, such as Amazon S3 buckets or IAM roles, that are shared with an external entity. This lets you identify unintended access to your resources and data, which is a security risk. IAM Access Analyzer uses a form of mathematical analysis called automated reasoning, which applies logic and mathematical inference to determine all possible access paths allowed by a resource policy.;https://docs.aws.amazon.com/IAM/latest/UserGuide/what-is-access-analyzer.html;Enable IAM Access Analyzer for all accounts, create analyzer and take action over it is recommendations (IAM Access Analyzer is available at no additional cost).;https://docs.aws.amazon.com/IAM/latest/UserGuide/what-is-access-analyzer.html;;;aws accessanalyzer create-analyzer --analyzer-name <NAME> --type <ACCOUNT|ORGANIZATION>;;CIS-1.4: 1.20 | CIS-1.5: 1.20 | CIS-2.0: 1.20;;;;;;958933162077;;;;;;eu-west-3;958933162077;arn:aws:iam::958933162077:root
2025-05-07T08:46:08.241680;prowler-aws-accessanalyzer_enabled-958933162077-sa-east-1-958933162077;aws;accessanalyzer_enabled;Check if IAM Access Analyzer is enabled;IAM;FAIL;IAM Access Analyzer in account 958933162077 is not enabled.;accessanalyzer;;low;Other;;;Check if IAM Access Analyzer is enabled;AWS IAM Access Analyzer helps you identify the resources in your organization and accounts, such as Amazon S3 buckets or IAM roles, that are shared with an external entity. This lets you identify unintended access to your resources and data, which is a security risk. IAM Access Analyzer uses a form of mathematical analysis called automated reasoning, which applies logic and mathematical inference to determine all possible access paths allowed by a resource policy.;https://docs.aws.amazon.com/IAM/latest/UserGuide/what-is-access-analyzer.html;Enable IAM Access Analyzer for all accounts, create analyzer and take action over it is recommendations (IAM Access Analyzer is available at no additional cost).;https://docs.aws.amazon.com/IAM/latest/UserGuide/what-is-access-analyzer.html;;;aws accessanalyzer create-analyzer --analyzer-name <NAME> --type <ACCOUNT|ORGANIZATION>;;CIS-1.4: 1.20 | CIS-1.5: 1.20 | CIS-2.0: 1.20;;;;;;958933162077;;;;;;sa-east-1;958933162077;arn:aws:iam::958933162077:root
2025-05-07T08:46:08.241680;prowler-aws-accessanalyzer_enabled-958933162077-us-east-1-958933162077;aws;accessanalyzer_enabled;Check if IAM Access Analyzer is enabled;IAM;FAIL;IAM Access Analyzer in account 958933162077 is not enabled.;accessanalyzer;;low;Other;;;Check if IAM Access Analyzer is enabled;AWS IAM Access Analyzer helps you identify the resources in your organization and accounts, such as Amazon S3 buckets or IAM roles, that are shared with an external entity. This lets you identify unintended access to your resources and data, which is a security risk. IAM Access Analyzer uses a form of mathematical analysis called automated reasoning, which applies logic and mathematical inference to determine all possible access paths allowed by a resource policy.;https://docs.aws.amazon.com/IAM/latest/UserGuide/what-is-access-analyzer.html;Enable IAM Access Analyzer for all accounts, create analyzer and take action over it is recommendations (IAM Access Analyzer is available at no additional cost).;https://docs.aws.amazon.com/IAM/latest/UserGuide/what-is-access-analyzer.html;;;aws accessanalyzer create-analyzer --analyzer-name <NAME> --type <ACCOUNT|ORGANIZATION>;;CIS-1.4: 1.20 | CIS-1.5: 1.20 | CIS-2.0: 1.20;;;;;;958933162077;;;;;;us-east-1;958933162077;arn:aws:iam::958933162077:root
2025-05-07T08:46:08.241680;prowler-aws-accessanalyzer_enabled-958933162077-us-east-2-958933162077;aws;accessanalyzer_enabled;Check if IAM Access Analyzer is enabled;IAM;FAIL;IAM Access Analyzer in account 958933162077 is not enabled.;accessanalyzer;;low;Other;;;Check if IAM Access Analyzer is enabled;AWS IAM Access Analyzer helps you identify the resources in your organization and accounts, such as Amazon S3 buckets or IAM roles, that are shared with an external entity. This lets you identify unintended access to your resources and data, which is a security risk. IAM Access Analyzer uses a form of mathematical analysis called automated reasoning, which applies logic and mathematical inference to determine all possible access paths allowed by a resource policy.;https://docs.aws.amazon.com/IAM/latest/UserGuide/what-is-access-analyzer.html;Enable IAM Access Analyzer for all accounts, create analyzer and take action over it is recommendations (IAM Access Analyzer is available at no additional cost).;https://docs.aws.amazon.com/IAM/latest/UserGuide/what-is-access-analyzer.html;;;aws accessanalyzer create-analyzer --analyzer-name <NAME> --type <ACCOUNT|ORGANIZATION>;;CIS-1.4: 1.20 | CIS-1.5: 1.20 | CIS-2.0: 1.20;;;;;;958933162077;;;;;;us-east-2;958933162077;arn:aws:iam::958933162077:root
2025-05-07T08:46:08.241680;prowler-aws-accessanalyzer_enabled-958933162077-us-west-1-958933162077;aws;accessanalyzer_enabled;Check if IAM Access Analyzer is enabled;IAM;FAIL;IAM Access Analyzer in account 958933162077 is not enabled.;accessanalyzer;;low;Other;;;Check if IAM Access Analyzer is enabled;AWS IAM Access Analyzer helps you identify the resources in your organization and accounts, such as Amazon S3 buckets or IAM roles, that are shared with an external entity. This lets you identify unintended access to your resources and data, which is a security risk. IAM Access Analyzer uses a form of mathematical analysis called automated reasoning, which applies logic and mathematical inference to determine all possible access paths allowed by a resource policy.;https://docs.aws.amazon.com/IAM/latest/UserGuide/what-is-access-analyzer.html;Enable IAM Access Analyzer for all accounts, create analyzer and take action over it is recommendations (IAM Access Analyzer is available at no additional cost).;https://docs.aws.amazon.com/IAM/latest/UserGuide/what-is-access-analyzer.html;;;aws accessanalyzer create-analyzer --analyzer-name <NAME> --type <ACCOUNT|ORGANIZATION>;;CIS-1.4: 1.20 | CIS-1.5: 1.20 | CIS-2.0: 1.20;;;;;;958933162077;;;;;;us-west-1;958933162077;arn:aws:iam::958933162077:root
2025-05-07T08:46:08.241680;prowler-aws-accessanalyzer_enabled-958933162077-us-west-2-958933162077;aws;accessanalyzer_enabled;Check if IAM Access Analyzer is enabled;IAM;FAIL;IAM Access Analyzer in account 958933162077 is not enabled.;accessanalyzer;;low;Other;;;Check if IAM Access Analyzer is enabled;AWS IAM Access Analyzer helps you identify the resources in your organization and accounts, such as Amazon S3 buckets or IAM roles, that are shared with an external entity. This lets you identify unintended access to your resources and data, which is a security risk. IAM Access Analyzer uses a form of mathematical analysis called automated reasoning, which applies logic and mathematical inference to determine all possible access paths allowed by a resource policy.;https://docs.aws.amazon.com/IAM/latest/UserGuide/what-is-access-analyzer.html;Enable IAM Access Analyzer for all accounts, create analyzer and take action over it is recommendations (IAM Access Analyzer is available at no additional cost).;https://docs.aws.amazon.com/IAM/latest/UserGuide/what-is-access-analyzer.html;;;aws accessanalyzer create-analyzer --analyzer-name <NAME> --type <ACCOUNT|ORGANIZATION>;;CIS-1.4: 1.20 | CIS-1.5: 1.20 | CIS-2.0: 1.20;;;;;;958933162077;;;;;;us-west-2;958933162077;arn:aws:iam::958933162077:root
2025-05-07T08:46:08.241680;prowler-aws-account_maintain_current_contact_details-958933162077-us-east-1-958933162077;aws;account_maintain_current_contact_details;Maintain current contact details.;IAM;INFO;Manual check: Login to the AWS Console. Choose your account name on the top right of the window -> My Account -> Contact Information.;account;;medium;Other;;;Maintain current contact details.;"Ensure contact email and telephone details for AWS accounts are current and map to more than one individual in your organization. An AWS account supports a number of contact details; and AWS will use these to contact the account owner if activity judged to be in breach of Acceptable Use Policy. If an AWS account is observed to be behaving in a prohibited or suspicious manner; AWS will attempt to contact the account owner by email and phone using the contact details listed. If this is unsuccessful and the account behavior needs urgent mitigation; proactive measures may be taken; including throttling of traffic between the account exhibiting suspicious behavior and the AWS API endpoints and the Internet. This will result in impaired service to and from the account in question.";;Using the Billing and Cost Management console complete contact details.;https://docs.aws.amazon.com/accounts/latest/reference/manage-acct-update-contact.html;;;No command available.;https://docs.bridgecrew.io/docs/iam_18-maintain-contact-details#aws-console;CIS-1.4: 1.1 | CIS-1.5: 1.1 | CIS-2.0: 1.1 | AWS-Well-Architected-Framework-Security-Pillar: SEC03-BP03, SEC10-BP01 | ENS-RD2022: op.ext.7.aws.am.1;;;;;;958933162077;;;;;;us-east-1;958933162077;arn:aws:iam::958933162077:root
2025-05-07T08:46:08.241680;prowler-aws-account_maintain_different_contact_details_to_security_billing_and_operations-958933162077-us-east-1-958933162077;aws;account_maintain_different_contact_details_to_security_billing_and_operations;Maintain different contact details to security, billing and operations.;IAM;FAIL;SECURITY, BILLING and OPERATIONS contacts not found or they are not different between each other and between ROOT contact.;account;;medium;Other;;;Maintain different contact details to security, billing and operations.;"Ensure contact email and telephone details for AWS accounts are current and map to more than one individual in your organization. An AWS account supports a number of contact details; and AWS will use these to contact the account owner if activity judged to be in breach of Acceptable Use Policy. If an AWS account is observed to be behaving in a prohibited or suspicious manner; AWS will attempt to contact the account owner by email and phone using the contact details listed. If this is unsuccessful and the account behavior needs urgent mitigation; proactive measures may be taken; including throttling of traffic between the account exhibiting suspicious behavior and the AWS API endpoints and the Internet. This will result in impaired service to and from the account in question.";https://docs.aws.amazon.com/accounts/latest/reference/manage-acct-update-contact.html;Using the Billing and Cost Management console complete contact details.;https://docs.aws.amazon.com/accounts/latest/reference/manage-acct-update-contact.html;;;;https://docs.bridgecrew.io/docs/iam_18-maintain-contact-details#aws-console;;;;;;;958933162077;;;;;;us-east-1;958933162077;arn:aws:iam::958933162077:root
2025-05-07T08:46:08.241680;prowler-aws-account_security_contact_information_is_registered-958933162077-us-east-1-958933162077;aws;account_security_contact_information_is_registered;Ensure security contact information is registered.;IAM;INFO;Manual check: Login to the AWS Console. Choose your account name on the top right of the window -> My Account -> Alternate Contacts -> Security Section.;account;;medium;Other;;;Ensure security contact information is registered.;AWS provides customers with the option of specifying the contact information for accounts security team. It is recommended that this information be provided. Specifying security-specific contact information will help ensure that security advisories sent by AWS reach the team in your organization that is best equipped to respond to them.;;Go to the My Account section and complete alternate contacts.;https://docs.aws.amazon.com/accounts/latest/reference/manage-acct-update-contact.html;;;No command available.;https://docs.bridgecrew.io/docs/iam_19#aws-console;CIS-1.4: 1.2 | CIS-1.5: 1.2 | AWS-Foundational-Security-Best-Practices: account, acm | CIS-2.0: 1.2 | AWS-Well-Architected-Framework-Security-Pillar: SEC03-BP03, SEC10-BP01 | ENS-RD2022: op.ext.7.aws.am.1;;;;;;958933162077;;;;;;us-east-1;958933162077;arn:aws:iam::958933162077:root
2025-05-07T08:46:08.241680;prowler-aws-account_security_questions_are_registered_in_the_aws_account-958933162077-us-east-1-958933162077;aws;account_security_questions_are_registered_in_the_aws_account;Ensure security questions are registered in the AWS account.;IAM;INFO;Manual check: Login to the AWS Console as root. Choose your account name on the top right of the window -> My Account -> Configure Security Challenge Questions.;account;;medium;Other;;;Ensure security questions are registered in the AWS account.;The AWS support portal allows account owners to establish security questions that can be used to authenticate individuals calling AWS customer service for support. It is recommended that security questions be established. When creating a new AWS account a default super user is automatically created. This account is referred to as the root account. It is recommended that the use of this account be limited and highly controlled. During events in which the root password is no longer accessible or the MFA token associated with root is lost/destroyed it is possible through authentication using secret questions and associated answers to recover root login access.;;Login as root account and from My Account configure Security questions.;https://docs.aws.amazon.com/accounts/latest/reference/manage-acct-security-challenge.html;;;No command available.;https://docs.bridgecrew.io/docs/iam_15;CIS-1.4: 1.3 | CIS-1.5: 1.3 | CIS-2.0: 1.3 | AWS-Well-Architected-Framework-Security-Pillar: SEC03-BP03, SEC10-BP01 | ENS-RD2022: op.ext.7.aws.am.1;;;;;;958933162077;;;;;;us-east-1;958933162077;arn:aws:iam::958933162077:root
2025-05-07T08:46:08.241680;prowler-aws-athena_workgroup_encryption-958933162077-ap-northeast-1-primary;aws;athena_workgroup_encryption;Ensure that encryption at rest is enabled for Amazon Athena query results stored in Amazon S3 in order to secure data and meet compliance requirements for data-at-rest encryption.;Software and Configuration Checks;FAIL;Athena WorkGroup primary does not encrypt the query results.;athena;;medium;WorkGroup;;;Ensure that encryption at rest is enabled for Amazon Athena query results stored in Amazon S3 in order to secure data and meet compliance requirements for data-at-rest encryption.;If not enabled sensitive information at rest is not protected.;https://docs.aws.amazon.com/athena/latest/ug/encryption.html;Enable Encryption. Use a CMK where possible. It will provide additional management and privacy benefits.;https://docs.aws.amazon.com/athena/latest/ug/encrypting-query-results-stored-in-s3.html;;https://docs.bridgecrew.io/docs/ensure-that-athena-workgroup-is-encrypted#terraform;aws athena update-work-group --region <REGION> --work-group <workgroup_name> --configuration-updates ResultConfigurationUpdates={EncryptionConfiguration={EncryptionOption=SSE_S3|SSE_KMS|CSE_KMS}};https://www.trendmicro.com/cloudoneconformity/knowledge-base/aws/Athena/encryption-enabled.html;;encryption;;;;;958933162077;;;;;;ap-northeast-1;primary;arn:aws:athena:ap-northeast-1:958933162077:workgroup/primary
2025-05-07T08:46:08.241680;prowler-aws-athena_workgroup_encryption-958933162077-ap-northeast-2-primary;aws;athena_workgroup_encryption;Ensure that encryption at rest is enabled for Amazon Athena query results stored in Amazon S3 in order to secure data and meet compliance requirements for data-at-rest encryption.;Software and Configuration Checks;FAIL;Athena WorkGroup primary does not encrypt the query results.;athena;;medium;WorkGroup;;;Ensure that encryption at rest is enabled for Amazon Athena query results stored in Amazon S3 in order to secure data and meet compliance requirements for data-at-rest encryption.;If not enabled sensitive information at rest is not protected.;https://docs.aws.amazon.com/athena/latest/ug/encryption.html;Enable Encryption. Use a CMK where possible. It will provide additional management and privacy benefits.;https://docs.aws.amazon.com/athena/latest/ug/encrypting-query-results-stored-in-s3.html;;https://docs.bridgecrew.io/docs/ensure-that-athena-workgroup-is-encrypted#terraform;aws athena update-work-group --region <REGION> --work-group <workgroup_name> --configuration-updates ResultConfigurationUpdates={EncryptionConfiguration={EncryptionOption=SSE_S3|SSE_KMS|CSE_KMS}};https://www.trendmicro.com/cloudoneconformity/knowledge-base/aws/Athena/encryption-enabled.html;;encryption;;;;;958933162077;;;;;;ap-northeast-2;primary;arn:aws:athena:ap-northeast-2:958933162077:workgroup/primary
2025-05-07T08:46:08.241680;prowler-aws-athena_workgroup_encryption-958933162077-ap-northeast-3-primary;aws;athena_workgroup_encryption;Ensure that encryption at rest is enabled for Amazon Athena query results stored in Amazon S3 in order to secure data and meet compliance requirements for data-at-rest encryption.;Software and Configuration Checks;FAIL;Athena WorkGroup primary does not encrypt the query results.;athena;;medium;WorkGroup;;;Ensure that encryption at rest is enabled for Amazon Athena query results stored in Amazon S3 in order to secure data and meet compliance requirements for data-at-rest encryption.;If not enabled sensitive information at rest is not protected.;https://docs.aws.amazon.com/athena/latest/ug/encryption.html;Enable Encryption. Use a CMK where possible. It will provide additional management and privacy benefits.;https://docs.aws.amazon.com/athena/latest/ug/encrypting-query-results-stored-in-s3.html;;https://docs.bridgecrew.io/docs/ensure-that-athena-workgroup-is-encrypted#terraform;aws athena update-work-group --region <REGION> --work-group <workgroup_name> --configuration-updates ResultConfigurationUpdates={EncryptionConfiguration={EncryptionOption=SSE_S3|SSE_KMS|CSE_KMS}};https://www.trendmicro.com/cloudoneconformity/knowledge-base/aws/Athena/encryption-enabled.html;;encryption;;;;;958933162077;;;;;;ap-northeast-3;primary;arn:aws:athena:ap-northeast-3:958933162077:workgroup/primary
2025-05-07T08:46:08.241680;prowler-aws-athena_workgroup_encryption-958933162077-ap-south-1-primary;aws;athena_workgroup_encryption;Ensure that encryption at rest is enabled for Amazon Athena query results stored in Amazon S3 in order to secure data and meet compliance requirements for data-at-rest encryption.;Software and Configuration Checks;FAIL;Athena WorkGroup primary does not encrypt the query results.;athena;;medium;WorkGroup;;;Ensure that encryption at rest is enabled for Amazon Athena query results stored in Amazon S3 in order to secure data and meet compliance requirements for data-at-rest encryption.;If not enabled sensitive information at rest is not protected.;https://docs.aws.amazon.com/athena/latest/ug/encryption.html;Enable Encryption. Use a CMK where possible. It will provide additional management and privacy benefits.;https://docs.aws.amazon.com/athena/latest/ug/encrypting-query-results-stored-in-s3.html;;https://docs.bridgecrew.io/docs/ensure-that-athena-workgroup-is-encrypted#terraform;aws athena update-work-group --region <REGION> --work-group <workgroup_name> --configuration-updates ResultConfigurationUpdates={EncryptionConfiguration={EncryptionOption=SSE_S3|SSE_KMS|CSE_KMS}};https://www.trendmicro.com/cloudoneconformity/knowledge-base/aws/Athena/encryption-enabled.html;;encryption;;;;;958933162077;;;;;;ap-south-1;primary;arn:aws:athena:ap-south-1:958933162077:workgroup/primary
2025-05-07T08:46:08.241680;prowler-aws-athena_workgroup_encryption-958933162077-ap-southeast-1-primary;aws;athena_workgroup_encryption;Ensure that encryption at rest is enabled for Amazon Athena query results stored in Amazon S3 in order to secure data and meet compliance requirements for data-at-rest encryption.;Software and Configuration Checks;FAIL;Athena WorkGroup primary does not encrypt the query results.;athena;;medium;WorkGroup;;;Ensure that encryption at rest is enabled for Amazon Athena query results stored in Amazon S3 in order to secure data and meet compliance requirements for data-at-rest encryption.;If not enabled sensitive information at rest is not protected.;https://docs.aws.amazon.com/athena/latest/ug/encryption.html;Enable Encryption. Use a CMK where possible. It will provide additional management and privacy benefits.;https://docs.aws.amazon.com/athena/latest/ug/encrypting-query-results-stored-in-s3.html;;https://docs.bridgecrew.io/docs/ensure-that-athena-workgroup-is-encrypted#terraform;aws athena update-work-group --region <REGION> --work-group <workgroup_name> --configuration-updates ResultConfigurationUpdates={EncryptionConfiguration={EncryptionOption=SSE_S3|SSE_KMS|CSE_KMS}};https://www.trendmicro.com/cloudoneconformity/knowledge-base/aws/Athena/encryption-enabled.html;;encryption;;;;;958933162077;;;;;;ap-southeast-1;primary;arn:aws:athena:ap-southeast-1:958933162077:workgroup/primary
2025-05-07T08:46:08.241680;prowler-aws-athena_workgroup_encryption-958933162077-ap-southeast-2-primary;aws;athena_workgroup_encryption;Ensure that encryption at rest is enabled for Amazon Athena query results stored in Amazon S3 in order to secure data and meet compliance requirements for data-at-rest encryption.;Software and Configuration Checks;FAIL;Athena WorkGroup primary does not encrypt the query results.;athena;;medium;WorkGroup;;;Ensure that encryption at rest is enabled for Amazon Athena query results stored in Amazon S3 in order to secure data and meet compliance requirements for data-at-rest encryption.;If not enabled sensitive information at rest is not protected.;https://docs.aws.amazon.com/athena/latest/ug/encryption.html;Enable Encryption. Use a CMK where possible. It will provide additional management and privacy benefits.;https://docs.aws.amazon.com/athena/latest/ug/encrypting-query-results-stored-in-s3.html;;https://docs.bridgecrew.io/docs/ensure-that-athena-workgroup-is-encrypted#terraform;aws athena update-work-group --region <REGION> --work-group <workgroup_name> --configuration-updates ResultConfigurationUpdates={EncryptionConfiguration={EncryptionOption=SSE_S3|SSE_KMS|CSE_KMS}};https://www.trendmicro.com/cloudoneconformity/knowledge-base/aws/Athena/encryption-enabled.html;;encryption;;;;;958933162077;;;;;;ap-southeast-2;primary;arn:aws:athena:ap-southeast-2:958933162077:workgroup/primary
2025-05-07T08:46:08.241680;prowler-aws-athena_workgroup_encryption-958933162077-ca-central-1-primary;aws;athena_workgroup_encryption;Ensure that encryption at rest is enabled for Amazon Athena query results stored in Amazon S3 in order to secure data and meet compliance requirements for data-at-rest encryption.;Software and Configuration Checks;FAIL;Athena WorkGroup primary does not encrypt the query results.;athena;;medium;WorkGroup;;;Ensure that encryption at rest is enabled for Amazon Athena query results stored in Amazon S3 in order to secure data and meet compliance requirements for data-at-rest encryption.;If not enabled sensitive information at rest is not protected.;https://docs.aws.amazon.com/athena/latest/ug/encryption.html;Enable Encryption. Use a CMK where possible. It will provide additional management and privacy benefits.;https://docs.aws.amazon.com/athena/latest/ug/encrypting-query-results-stored-in-s3.html;;https://docs.bridgecrew.io/docs/ensure-that-athena-workgroup-is-encrypted#terraform;aws athena update-work-group --region <REGION> --work-group <workgroup_name> --configuration-updates ResultConfigurationUpdates={EncryptionConfiguration={EncryptionOption=SSE_S3|SSE_KMS|CSE_KMS}};https://www.trendmicro.com/cloudoneconformity/knowledge-base/aws/Athena/encryption-enabled.html;;encryption;;;;;958933162077;;;;;;ca-central-1;primary;arn:aws:athena:ca-central-1:958933162077:workgroup/primary
2025-05-07T08:46:08.241680;prowler-aws-athena_workgroup_encryption-958933162077-eu-central-1-primary;aws;athena_workgroup_encryption;Ensure that encryption at rest is enabled for Amazon Athena query results stored in Amazon S3 in order to secure data and meet compliance requirements for data-at-rest encryption.;Software and Configuration Checks;FAIL;Athena WorkGroup primary does not encrypt the query results.;athena;;medium;WorkGroup;;;Ensure that encryption at rest is enabled for Amazon Athena query results stored in Amazon S3 in order to secure data and meet compliance requirements for data-at-rest encryption.;If not enabled sensitive information at rest is not protected.;https://docs.aws.amazon.com/athena/latest/ug/encryption.html;Enable Encryption. Use a CMK where possible. It will provide additional management and privacy benefits.;https://docs.aws.amazon.com/athena/latest/ug/encrypting-query-results-stored-in-s3.html;;https://docs.bridgecrew.io/docs/ensure-that-athena-workgroup-is-encrypted#terraform;aws athena update-work-group --region <REGION> --work-group <workgroup_name> --configuration-updates ResultConfigurationUpdates={EncryptionConfiguration={EncryptionOption=SSE_S3|SSE_KMS|CSE_KMS}};https://www.trendmicro.com/cloudoneconformity/knowledge-base/aws/Athena/encryption-enabled.html;;encryption;;;;;958933162077;;;;;;eu-central-1;primary;arn:aws:athena:eu-central-1:958933162077:workgroup/primary
2025-05-07T08:46:08.241680;prowler-aws-athena_workgroup_encryption-958933162077-eu-north-1-primary;aws;athena_workgroup_encryption;Ensure that encryption at rest is enabled for Amazon Athena query results stored in Amazon S3 in order to secure data and meet compliance requirements for data-at-rest encryption.;Software and Configuration Checks;FAIL;Athena WorkGroup primary does not encrypt the query results.;athena;;medium;WorkGroup;;;Ensure that encryption at rest is enabled for Amazon Athena query results stored in Amazon S3 in order to secure data and meet compliance requirements for data-at-rest encryption.;If not enabled sensitive information at rest is not protected.;https://docs.aws.amazon.com/athena/latest/ug/encryption.html;Enable Encryption. Use a CMK where possible. It will provide additional management and privacy benefits.;https://docs.aws.amazon.com/athena/latest/ug/encrypting-query-results-stored-in-s3.html;;https://docs.bridgecrew.io/docs/ensure-that-athena-workgroup-is-encrypted#terraform;aws athena update-work-group --region <REGION> --work-group <workgroup_name> --configuration-updates ResultConfigurationUpdates={EncryptionConfiguration={EncryptionOption=SSE_S3|SSE_KMS|CSE_KMS}};https://www.trendmicro.com/cloudoneconformity/knowledge-base/aws/Athena/encryption-enabled.html;;encryption;;;;;958933162077;;;;;;eu-north-1;primary;arn:aws:athena:eu-north-1:958933162077:workgroup/primary
2025-05-07T08:46:08.241680;prowler-aws-athena_workgroup_encryption-958933162077-eu-west-1-primary;aws;athena_workgroup_encryption;Ensure that encryption at rest is enabled for Amazon Athena query results stored in Amazon S3 in order to secure data and meet compliance requirements for data-at-rest encryption.;Software and Configuration Checks;FAIL;Athena WorkGroup primary does not encrypt the query results.;athena;;medium;WorkGroup;;;Ensure that encryption at rest is enabled for Amazon Athena query results stored in Amazon S3 in order to secure data and meet compliance requirements for data-at-rest encryption.;If not enabled sensitive information at rest is not protected.;https://docs.aws.amazon.com/athena/latest/ug/encryption.html;Enable Encryption. Use a CMK where possible. It will provide additional management and privacy benefits.;https://docs.aws.amazon.com/athena/latest/ug/encrypting-query-results-stored-in-s3.html;;https://docs.bridgecrew.io/docs/ensure-that-athena-workgroup-is-encrypted#terraform;aws athena update-work-group --region <REGION> --work-group <workgroup_name> --configuration-updates ResultConfigurationUpdates={EncryptionConfiguration={EncryptionOption=SSE_S3|SSE_KMS|CSE_KMS}};https://www.trendmicro.com/cloudoneconformity/knowledge-base/aws/Athena/encryption-enabled.html;;encryption;;;;;958933162077;;;;;;eu-west-1;primary;arn:aws:athena:eu-west-1:958933162077:workgroup/primary
2025-05-07T08:46:08.241680;prowler-aws-athena_workgroup_encryption-958933162077-eu-west-2-primary;aws;athena_workgroup_encryption;Ensure that encryption at rest is enabled for Amazon Athena query results stored in Amazon S3 in order to secure data and meet compliance requirements for data-at-rest encryption.;Software and Configuration Checks;FAIL;Athena WorkGroup primary does not encrypt the query results.;athena;;medium;WorkGroup;;;Ensure that encryption at rest is enabled for Amazon Athena query results stored in Amazon S3 in order to secure data and meet compliance requirements for data-at-rest encryption.;If not enabled sensitive information at rest is not protected.;https://docs.aws.amazon.com/athena/latest/ug/encryption.html;Enable Encryption. Use a CMK where possible. It will provide additional management and privacy benefits.;https://docs.aws.amazon.com/athena/latest/ug/encrypting-query-results-stored-in-s3.html;;https://docs.bridgecrew.io/docs/ensure-that-athena-workgroup-is-encrypted#terraform;aws athena update-work-group --region <REGION> --work-group <workgroup_name> --configuration-updates ResultConfigurationUpdates={EncryptionConfiguration={EncryptionOption=SSE_S3|SSE_KMS|CSE_KMS}};https://www.trendmicro.com/cloudoneconformity/knowledge-base/aws/Athena/encryption-enabled.html;;encryption;;;;;958933162077;;;;;;eu-west-2;primary;arn:aws:athena:eu-west-2:958933162077:workgroup/primary
2025-05-07T08:46:08.241680;prowler-aws-athena_workgroup_encryption-958933162077-eu-west-3-primary;aws;athena_workgroup_encryption;Ensure that encryption at rest is enabled for Amazon Athena query results stored in Amazon S3 in order to secure data and meet compliance requirements for data-at-rest encryption.;Software and Configuration Checks;FAIL;Athena WorkGroup primary does not encrypt the query results.;athena;;medium;WorkGroup;;;Ensure that encryption at rest is enabled for Amazon Athena query results stored in Amazon S3 in order to secure data and meet compliance requirements for data-at-rest encryption.;If not enabled sensitive information at rest is not protected.;https://docs.aws.amazon.com/athena/latest/ug/encryption.html;Enable Encryption. Use a CMK where possible. It will provide additional management and privacy benefits.;https://docs.aws.amazon.com/athena/latest/ug/encrypting-query-results-stored-in-s3.html;;https://docs.bridgecrew.io/docs/ensure-that-athena-workgroup-is-encrypted#terraform;aws athena update-work-group --region <REGION> --work-group <workgroup_name> --configuration-updates ResultConfigurationUpdates={EncryptionConfiguration={EncryptionOption=SSE_S3|SSE_KMS|CSE_KMS}};https://www.trendmicro.com/cloudoneconformity/knowledge-base/aws/Athena/encryption-enabled.html;;encryption;;;;;958933162077;;;;;;eu-west-3;primary;arn:aws:athena:eu-west-3:958933162077:workgroup/primary
2025-05-07T08:46:08.241680;prowler-aws-athena_workgroup_encryption-958933162077-sa-east-1-primary;aws;athena_workgroup_encryption;Ensure that encryption at rest is enabled for Amazon Athena query results stored in Amazon S3 in order to secure data and meet compliance requirements for data-at-rest encryption.;Software and Configuration Checks;FAIL;Athena WorkGroup primary does not encrypt the query results.;athena;;medium;WorkGroup;;;Ensure that encryption at rest is enabled for Amazon Athena query results stored in Amazon S3 in order to secure data and meet compliance requirements for data-at-rest encryption.;If not enabled sensitive information at rest is not protected.;https://docs.aws.amazon.com/athena/latest/ug/encryption.html;Enable Encryption. Use a CMK where possible. It will provide additional management and privacy benefits.;https://docs.aws.amazon.com/athena/latest/ug/encrypting-query-results-stored-in-s3.html;;https://docs.bridgecrew.io/docs/ensure-that-athena-workgroup-is-encrypted#terraform;aws athena update-work-group --region <REGION> --work-group <workgroup_name> --configuration-updates ResultConfigurationUpdates={EncryptionConfiguration={EncryptionOption=SSE_S3|SSE_KMS|CSE_KMS}};https://www.trendmicro.com/cloudoneconformity/knowledge-base/aws/Athena/encryption-enabled.html;;encryption;;;;;958933162077;;;;;;sa-east-1;primary;arn:aws:athena:sa-east-1:958933162077:workgroup/primary
2025-05-07T08:46:08.241680;prowler-aws-athena_workgroup_encryption-958933162077-us-east-1-primary;aws;athena_workgroup_encryption;Ensure that encryption at rest is enabled for Amazon Athena query results stored in Amazon S3 in order to secure data and meet compliance requirements for data-at-rest encryption.;Software and Configuration Checks;FAIL;Athena WorkGroup primary does not encrypt the query results.;athena;;medium;WorkGroup;;;Ensure that encryption at rest is enabled for Amazon Athena query results stored in Amazon S3 in order to secure data and meet compliance requirements for data-at-rest encryption.;If not enabled sensitive information at rest is not protected.;https://docs.aws.amazon.com/athena/latest/ug/encryption.html;Enable Encryption. Use a CMK where possible. It will provide additional management and privacy benefits.;https://docs.aws.amazon.com/athena/latest/ug/encrypting-query-results-stored-in-s3.html;;https://docs.bridgecrew.io/docs/ensure-that-athena-workgroup-is-encrypted#terraform;aws athena update-work-group --region <REGION> --work-group <workgroup_name> --configuration-updates ResultConfigurationUpdates={EncryptionConfiguration={EncryptionOption=SSE_S3|SSE_KMS|CSE_KMS}};https://www.trendmicro.com/cloudoneconformity/knowledge-base/aws/Athena/encryption-enabled.html;;encryption;;;;;958933162077;;;;;;us-east-1;primary;arn:aws:athena:us-east-1:958933162077:workgroup/primary
2025-05-07T08:46:08.241680;prowler-aws-athena_workgroup_encryption-958933162077-us-east-2-primary;aws;athena_workgroup_encryption;Ensure that encryption at rest is enabled for Amazon Athena query results stored in Amazon S3 in order to secure data and meet compliance requirements for data-at-rest encryption.;Software and Configuration Checks;FAIL;Athena WorkGroup primary does not encrypt the query results.;athena;;medium;WorkGroup;;;Ensure that encryption at rest is enabled for Amazon Athena query results stored in Amazon S3 in order to secure data and meet compliance requirements for data-at-rest encryption.;If not enabled sensitive information at rest is not protected.;https://docs.aws.amazon.com/athena/latest/ug/encryption.html;Enable Encryption. Use a CMK where possible. It will provide additional management and privacy benefits.;https://docs.aws.amazon.com/athena/latest/ug/encrypting-query-results-stored-in-s3.html;;https://docs.bridgecrew.io/docs/ensure-that-athena-workgroup-is-encrypted#terraform;aws athena update-work-group --region <REGION> --work-group <workgroup_name> --configuration-updates ResultConfigurationUpdates={EncryptionConfiguration={EncryptionOption=SSE_S3|SSE_KMS|CSE_KMS}};https://www.trendmicro.com/cloudoneconformity/knowledge-base/aws/Athena/encryption-enabled.html;;encryption;;;;;958933162077;;;;;;us-east-2;primary;arn:aws:athena:us-east-2:958933162077:workgroup/primary
2025-05-07T08:46:08.241680;prowler-aws-athena_workgroup_encryption-958933162077-us-west-1-primary;aws;athena_workgroup_encryption;Ensure that encryption at rest is enabled for Amazon Athena query results stored in Amazon S3 in order to secure data and meet compliance requirements for data-at-rest encryption.;Software and Configuration Checks;FAIL;Athena WorkGroup primary does not encrypt the query results.;athena;;medium;WorkGroup;;;Ensure that encryption at rest is enabled for Amazon Athena query results stored in Amazon S3 in order to secure data and meet compliance requirements for data-at-rest encryption.;If not enabled sensitive information at rest is not protected.;https://docs.aws.amazon.com/athena/latest/ug/encryption.html;Enable Encryption. Use a CMK where possible. It will provide additional management and privacy benefits.;https://docs.aws.amazon.com/athena/latest/ug/encrypting-query-results-stored-in-s3.html;;https://docs.bridgecrew.io/docs/ensure-that-athena-workgroup-is-encrypted#terraform;aws athena update-work-group --region <REGION> --work-group <workgroup_name> --configuration-updates ResultConfigurationUpdates={EncryptionConfiguration={EncryptionOption=SSE_S3|SSE_KMS|CSE_KMS}};https://www.trendmicro.com/cloudoneconformity/knowledge-base/aws/Athena/encryption-enabled.html;;encryption;;;;;958933162077;;;;;;us-west-1;primary;arn:aws:athena:us-west-1:958933162077:workgroup/primary
2025-05-07T08:46:08.241680;prowler-aws-athena_workgroup_encryption-958933162077-us-west-2-primary;aws;athena_workgroup_encryption;Ensure that encryption at rest is enabled for Amazon Athena query results stored in Amazon S3 in order to secure data and meet compliance requirements for data-at-rest encryption.;Software and Configuration Checks;FAIL;Athena WorkGroup primary does not encrypt the query results.;athena;;medium;WorkGroup;;;Ensure that encryption at rest is enabled for Amazon Athena query results stored in Amazon S3 in order to secure data and meet compliance requirements for data-at-rest encryption.;If not enabled sensitive information at rest is not protected.;https://docs.aws.amazon.com/athena/latest/ug/encryption.html;Enable Encryption. Use a CMK where possible. It will provide additional management and privacy benefits.;https://docs.aws.amazon.com/athena/latest/ug/encrypting-query-results-stored-in-s3.html;;https://docs.bridgecrew.io/docs/ensure-that-athena-workgroup-is-encrypted#terraform;aws athena update-work-group --region <REGION> --work-group <workgroup_name> --configuration-updates ResultConfigurationUpdates={EncryptionConfiguration={EncryptionOption=SSE_S3|SSE_KMS|CSE_KMS}};https://www.trendmicro.com/cloudoneconformity/knowledge-base/aws/Athena/encryption-enabled.html;;encryption;;;;;958933162077;;;;;;us-west-2;primary;arn:aws:athena:us-west-2:958933162077:workgroup/primary
2025-05-07T08:46:08.241680;prowler-aws-athena_workgroup_enforce_configuration-958933162077-ap-northeast-1-primary;aws;athena_workgroup_enforce_configuration;Ensure that workgroup configuration is enforced so it cannot be overriden by client-side settings.;Software and Configuration Checks;FAIL;Athena WorkGroup primary does not enforce the workgroup configuration, so it can be overridden by the client-side settings.;athena;;medium;WorkGroup;;;Ensure that workgroup configuration is enforced so it cannot be overriden by client-side settings.;If workgroup configuration is not enforced security settings like encryption can be overriden by client-side settings.;https://docs.aws.amazon.com/athena/latest/ug/workgroups-settings-override.html;Ensure that workgroup configuration is enforced so it cannot be overriden by client-side settings.;https://docs.aws.amazon.com/athena/latest/ug/workgroups-settings-override.html;https://docs.bridgecrew.io/docs/bc_aws_general_33#cloudformation;https://docs.bridgecrew.io/docs/bc_aws_general_33#terraform;aws athena update-work-group --region <REGION> --work-group <workgroup_name> --configuration-updates EnforceWorkGroupConfiguration=True;;;;;;;;958933162077;;;;;;ap-northeast-1;primary;arn:aws:athena:ap-northeast-1:958933162077:workgroup/primary
2025-05-07T08:46:08.241680;prowler-aws-athena_workgroup_enforce_configuration-958933162077-ap-northeast-2-primary;aws;athena_workgroup_enforce_configuration;Ensure that workgroup configuration is enforced so it cannot be overriden by client-side settings.;Software and Configuration Checks;FAIL;Athena WorkGroup primary does not enforce the workgroup configuration, so it can be overridden by the client-side settings.;athena;;medium;WorkGroup;;;Ensure that workgroup configuration is enforced so it cannot be overriden by client-side settings.;If workgroup configuration is not enforced security settings like encryption can be overriden by client-side settings.;https://docs.aws.amazon.com/athena/latest/ug/workgroups-settings-override.html;Ensure that workgroup configuration is enforced so it cannot be overriden by client-side settings.;https://docs.aws.amazon.com/athena/latest/ug/workgroups-settings-override.html;https://docs.bridgecrew.io/docs/bc_aws_general_33#cloudformation;https://docs.bridgecrew.io/docs/bc_aws_general_33#terraform;aws athena update-work-group --region <REGION> --work-group <workgroup_name> --configuration-updates EnforceWorkGroupConfiguration=True;;;;;;;;958933162077;;;;;;ap-northeast-2;primary;arn:aws:athena:ap-northeast-2:958933162077:workgroup/primary
2025-05-07T08:46:08.241680;prowler-aws-athena_workgroup_enforce_configuration-958933162077-ap-northeast-3-primary;aws;athena_workgroup_enforce_configuration;Ensure that workgroup configuration is enforced so it cannot be overriden by client-side settings.;Software and Configuration Checks;FAIL;Athena WorkGroup primary does not enforce the workgroup configuration, so it can be overridden by the client-side settings.;athena;;medium;WorkGroup;;;Ensure that workgroup configuration is enforced so it cannot be overriden by client-side settings.;If workgroup configuration is not enforced security settings like encryption can be overriden by client-side settings.;https://docs.aws.amazon.com/athena/latest/ug/workgroups-settings-override.html;Ensure that workgroup configuration is enforced so it cannot be overriden by client-side settings.;https://docs.aws.amazon.com/athena/latest/ug/workgroups-settings-override.html;https://docs.bridgecrew.io/docs/bc_aws_general_33#cloudformation;https://docs.bridgecrew.io/docs/bc_aws_general_33#terraform;aws athena update-work-group --region <REGION> --work-group <workgroup_name> --configuration-updates EnforceWorkGroupConfiguration=True;;;;;;;;958933162077;;;;;;ap-northeast-3;primary;arn:aws:athena:ap-northeast-3:958933162077:workgroup/primary
2025-05-07T08:46:08.241680;prowler-aws-athena_workgroup_enforce_configuration-958933162077-ap-south-1-primary;aws;athena_workgroup_enforce_configuration;Ensure that workgroup configuration is enforced so it cannot be overriden by client-side settings.;Software and Configuration Checks;FAIL;Athena WorkGroup primary does not enforce the workgroup configuration, so it can be overridden by the client-side settings.;athena;;medium;WorkGroup;;;Ensure that workgroup configuration is enforced so it cannot be overriden by client-side settings.;If workgroup configuration is not enforced security settings like encryption can be overriden by client-side settings.;https://docs.aws.amazon.com/athena/latest/ug/workgroups-settings-override.html;Ensure that workgroup configuration is enforced so it cannot be overriden by client-side settings.;https://docs.aws.amazon.com/athena/latest/ug/workgroups-settings-override.html;https://docs.bridgecrew.io/docs/bc_aws_general_33#cloudformation;https://docs.bridgecrew.io/docs/bc_aws_general_33#terraform;aws athena update-work-group --region <REGION> --work-group <workgroup_name> --configuration-updates EnforceWorkGroupConfiguration=True;;;;;;;;958933162077;;;;;;ap-south-1;primary;arn:aws:athena:ap-south-1:958933162077:workgroup/primary
2025-05-07T08:46:08.241680;prowler-aws-athena_workgroup_enforce_configuration-958933162077-ap-southeast-1-primary;aws;athena_workgroup_enforce_configuration;Ensure that workgroup configuration is enforced so it cannot be overriden by client-side settings.;Software and Configuration Checks;FAIL;Athena WorkGroup primary does not enforce the workgroup configuration, so it can be overridden by the client-side settings.;athena;;medium;WorkGroup;;;Ensure that workgroup configuration is enforced so it cannot be overriden by client-side settings.;If workgroup configuration is not enforced security settings like encryption can be overriden by client-side settings.;https://docs.aws.amazon.com/athena/latest/ug/workgroups-settings-override.html;Ensure that workgroup configuration is enforced so it cannot be overriden by client-side settings.;https://docs.aws.amazon.com/athena/latest/ug/workgroups-settings-override.html;https://docs.bridgecrew.io/docs/bc_aws_general_33#cloudformation;https://docs.bridgecrew.io/docs/bc_aws_general_33#terraform;aws athena update-work-group --region <REGION> --work-group <workgroup_name> --configuration-updates EnforceWorkGroupConfiguration=True;;;;;;;;958933162077;;;;;;ap-southeast-1;primary;arn:aws:athena:ap-southeast-1:958933162077:workgroup/primary
2025-05-07T08:46:08.241680;prowler-aws-athena_workgroup_enforce_configuration-958933162077-ap-southeast-2-primary;aws;athena_workgroup_enforce_configuration;Ensure that workgroup configuration is enforced so it cannot be overriden by client-side settings.;Software and Configuration Checks;FAIL;Athena WorkGroup primary does not enforce the workgroup configuration, so it can be overridden by the client-side settings.;athena;;medium;WorkGroup;;;Ensure that workgroup configuration is enforced so it cannot be overriden by client-side settings.;If workgroup configuration is not enforced security settings like encryption can be overriden by client-side settings.;https://docs.aws.amazon.com/athena/latest/ug/workgroups-settings-override.html;Ensure that workgroup configuration is enforced so it cannot be overriden by client-side settings.;https://docs.aws.amazon.com/athena/latest/ug/workgroups-settings-override.html;https://docs.bridgecrew.io/docs/bc_aws_general_33#cloudformation;https://docs.bridgecrew.io/docs/bc_aws_general_33#terraform;aws athena update-work-group --region <REGION> --work-group <workgroup_name> --configuration-updates EnforceWorkGroupConfiguration=True;;;;;;;;958933162077;;;;;;ap-southeast-2;primary;arn:aws:athena:ap-southeast-2:958933162077:workgroup/primary
2025-05-07T08:46:08.241680;prowler-aws-athena_workgroup_enforce_configuration-958933162077-ca-central-1-primary;aws;athena_workgroup_enforce_configuration;Ensure that workgroup configuration is enforced so it cannot be overriden by client-side settings.;Software and Configuration Checks;FAIL;Athena WorkGroup primary does not enforce the workgroup configuration, so it can be overridden by the client-side settings.;athena;;medium;WorkGroup;;;Ensure that workgroup configuration is enforced so it cannot be overriden by client-side settings.;If workgroup configuration is not enforced security settings like encryption can be overriden by client-side settings.;https://docs.aws.amazon.com/athena/latest/ug/workgroups-settings-override.html;Ensure that workgroup configuration is enforced so it cannot be overriden by client-side settings.;https://docs.aws.amazon.com/athena/latest/ug/workgroups-settings-override.html;https://docs.bridgecrew.io/docs/bc_aws_general_33#cloudformation;https://docs.bridgecrew.io/docs/bc_aws_general_33#terraform;aws athena update-work-group --region <REGION> --work-group <workgroup_name> --configuration-updates EnforceWorkGroupConfiguration=True;;;;;;;;958933162077;;;;;;ca-central-1;primary;arn:aws:athena:ca-central-1:958933162077:workgroup/primary
2025-05-07T08:46:08.241680;prowler-aws-athena_workgroup_enforce_configuration-958933162077-eu-central-1-primary;aws;athena_workgroup_enforce_configuration;Ensure that workgroup configuration is enforced so it cannot be overriden by client-side settings.;Software and Configuration Checks;FAIL;Athena WorkGroup primary does not enforce the workgroup configuration, so it can be overridden by the client-side settings.;athena;;medium;WorkGroup;;;Ensure that workgroup configuration is enforced so it cannot be overriden by client-side settings.;If workgroup configuration is not enforced security settings like encryption can be overriden by client-side settings.;https://docs.aws.amazon.com/athena/latest/ug/workgroups-settings-override.html;Ensure that workgroup configuration is enforced so it cannot be overriden by client-side settings.;https://docs.aws.amazon.com/athena/latest/ug/workgroups-settings-override.html;https://docs.bridgecrew.io/docs/bc_aws_general_33#cloudformation;https://docs.bridgecrew.io/docs/bc_aws_general_33#terraform;aws athena update-work-group --region <REGION> --work-group <workgroup_name> --configuration-updates EnforceWorkGroupConfiguration=True;;;;;;;;958933162077;;;;;;eu-central-1;primary;arn:aws:athena:eu-central-1:958933162077:workgroup/primary
2025-05-07T08:46:08.241680;prowler-aws-athena_workgroup_enforce_configuration-958933162077-eu-north-1-primary;aws;athena_workgroup_enforce_configuration;Ensure that workgroup configuration is enforced so it cannot be overriden by client-side settings.;Software and Configuration Checks;FAIL;Athena WorkGroup primary does not enforce the workgroup configuration, so it can be overridden by the client-side settings.;athena;;medium;WorkGroup;;;Ensure that workgroup configuration is enforced so it cannot be overriden by client-side settings.;If workgroup configuration is not enforced security settings like encryption can be overriden by client-side settings.;https://docs.aws.amazon.com/athena/latest/ug/workgroups-settings-override.html;Ensure that workgroup configuration is enforced so it cannot be overriden by client-side settings.;https://docs.aws.amazon.com/athena/latest/ug/workgroups-settings-override.html;https://docs.bridgecrew.io/docs/bc_aws_general_33#cloudformation;https://docs.bridgecrew.io/docs/bc_aws_general_33#terraform;aws athena update-work-group --region <REGION> --work-group <workgroup_name> --configuration-updates EnforceWorkGroupConfiguration=True;;;;;;;;958933162077;;;;;;eu-north-1;primary;arn:aws:athena:eu-north-1:958933162077:workgroup/primary
2025-05-07T08:46:08.241680;prowler-aws-athena_workgroup_enforce_configuration-958933162077-eu-west-1-primary;aws;athena_workgroup_enforce_configuration;Ensure that workgroup configuration is enforced so it cannot be overriden by client-side settings.;Software and Configuration Checks;FAIL;Athena WorkGroup primary does not enforce the workgroup configuration, so it can be overridden by the client-side settings.;athena;;medium;WorkGroup;;;Ensure that workgroup configuration is enforced so it cannot be overriden by client-side settings.;If workgroup configuration is not enforced security settings like encryption can be overriden by client-side settings.;https://docs.aws.amazon.com/athena/latest/ug/workgroups-settings-override.html;Ensure that workgroup configuration is enforced so it cannot be overriden by client-side settings.;https://docs.aws.amazon.com/athena/latest/ug/workgroups-settings-override.html;https://docs.bridgecrew.io/docs/bc_aws_general_33#cloudformation;https://docs.bridgecrew.io/docs/bc_aws_general_33#terraform;aws athena update-work-group --region <REGION> --work-group <workgroup_name> --configuration-updates EnforceWorkGroupConfiguration=True;;;;;;;;958933162077;;;;;;eu-west-1;primary;arn:aws:athena:eu-west-1:958933162077:workgroup/primary
2025-05-07T08:46:08.241680;prowler-aws-athena_workgroup_enforce_configuration-958933162077-eu-west-2-primary;aws;athena_workgroup_enforce_configuration;Ensure that workgroup configuration is enforced so it cannot be overriden by client-side settings.;Software and Configuration Checks;FAIL;Athena WorkGroup primary does not enforce the workgroup configuration, so it can be overridden by the client-side settings.;athena;;medium;WorkGroup;;;Ensure that workgroup configuration is enforced so it cannot be overriden by client-side settings.;If workgroup configuration is not enforced security settings like encryption can be overriden by client-side settings.;https://docs.aws.amazon.com/athena/latest/ug/workgroups-settings-override.html;Ensure that workgroup configuration is enforced so it cannot be overriden by client-side settings.;https://docs.aws.amazon.com/athena/latest/ug/workgroups-settings-override.html;https://docs.bridgecrew.io/docs/bc_aws_general_33#cloudformation;https://docs.bridgecrew.io/docs/bc_aws_general_33#terraform;aws athena update-work-group --region <REGION> --work-group <workgroup_name> --configuration-updates EnforceWorkGroupConfiguration=True;;;;;;;;958933162077;;;;;;eu-west-2;primary;arn:aws:athena:eu-west-2:958933162077:workgroup/primary
2025-05-07T08:46:08.241680;prowler-aws-athena_workgroup_enforce_configuration-958933162077-eu-west-3-primary;aws;athena_workgroup_enforce_configuration;Ensure that workgroup configuration is enforced so it cannot be overriden by client-side settings.;Software and Configuration Checks;FAIL;Athena WorkGroup primary does not enforce the workgroup configuration, so it can be overridden by the client-side settings.;athena;;medium;WorkGroup;;;Ensure that workgroup configuration is enforced so it cannot be overriden by client-side settings.;If workgroup configuration is not enforced security settings like encryption can be overriden by client-side settings.;https://docs.aws.amazon.com/athena/latest/ug/workgroups-settings-override.html;Ensure that workgroup configuration is enforced so it cannot be overriden by client-side settings.;https://docs.aws.amazon.com/athena/latest/ug/workgroups-settings-override.html;https://docs.bridgecrew.io/docs/bc_aws_general_33#cloudformation;https://docs.bridgecrew.io/docs/bc_aws_general_33#terraform;aws athena update-work-group --region <REGION> --work-group <workgroup_name> --configuration-updates EnforceWorkGroupConfiguration=True;;;;;;;;958933162077;;;;;;eu-west-3;primary;arn:aws:athena:eu-west-3:958933162077:workgroup/primary
2025-05-07T08:46:08.241680;prowler-aws-athena_workgroup_enforce_configuration-958933162077-sa-east-1-primary;aws;athena_workgroup_enforce_configuration;Ensure that workgroup configuration is enforced so it cannot be overriden by client-side settings.;Software and Configuration Checks;FAIL;Athena WorkGroup primary does not enforce the workgroup configuration, so it can be overridden by the client-side settings.;athena;;medium;WorkGroup;;;Ensure that workgroup configuration is enforced so it cannot be overriden by client-side settings.;If workgroup configuration is not enforced security settings like encryption can be overriden by client-side settings.;https://docs.aws.amazon.com/athena/latest/ug/workgroups-settings-override.html;Ensure that workgroup configuration is enforced so it cannot be overriden by client-side settings.;https://docs.aws.amazon.com/athena/latest/ug/workgroups-settings-override.html;https://docs.bridgecrew.io/docs/bc_aws_general_33#cloudformation;https://docs.bridgecrew.io/docs/bc_aws_general_33#terraform;aws athena update-work-group --region <REGION> --work-group <workgroup_name> --configuration-updates EnforceWorkGroupConfiguration=True;;;;;;;;958933162077;;;;;;sa-east-1;primary;arn:aws:athena:sa-east-1:958933162077:workgroup/primary
2025-05-07T08:46:08.241680;prowler-aws-athena_workgroup_enforce_configuration-958933162077-us-east-1-primary;aws;athena_workgroup_enforce_configuration;Ensure that workgroup configuration is enforced so it cannot be overriden by client-side settings.;Software and Configuration Checks;FAIL;Athena WorkGroup primary does not enforce the workgroup configuration, so it can be overridden by the client-side settings.;athena;;medium;WorkGroup;;;Ensure that workgroup configuration is enforced so it cannot be overriden by client-side settings.;If workgroup configuration is not enforced security settings like encryption can be overriden by client-side settings.;https://docs.aws.amazon.com/athena/latest/ug/workgroups-settings-override.html;Ensure that workgroup configuration is enforced so it cannot be overriden by client-side settings.;https://docs.aws.amazon.com/athena/latest/ug/workgroups-settings-override.html;https://docs.bridgecrew.io/docs/bc_aws_general_33#cloudformation;https://docs.bridgecrew.io/docs/bc_aws_general_33#terraform;aws athena update-work-group --region <REGION> --work-group <workgroup_name> --configuration-updates EnforceWorkGroupConfiguration=True;;;;;;;;958933162077;;;;;;us-east-1;primary;arn:aws:athena:us-east-1:958933162077:workgroup/primary
2025-05-07T08:46:08.241680;prowler-aws-athena_workgroup_enforce_configuration-958933162077-us-east-2-primary;aws;athena_workgroup_enforce_configuration;Ensure that workgroup configuration is enforced so it cannot be overriden by client-side settings.;Software and Configuration Checks;FAIL;Athena WorkGroup primary does not enforce the workgroup configuration, so it can be overridden by the client-side settings.;athena;;medium;WorkGroup;;;Ensure that workgroup configuration is enforced so it cannot be overriden by client-side settings.;If workgroup configuration is not enforced security settings like encryption can be overriden by client-side settings.;https://docs.aws.amazon.com/athena/latest/ug/workgroups-settings-override.html;Ensure that workgroup configuration is enforced so it cannot be overriden by client-side settings.;https://docs.aws.amazon.com/athena/latest/ug/workgroups-settings-override.html;https://docs.bridgecrew.io/docs/bc_aws_general_33#cloudformation;https://docs.bridgecrew.io/docs/bc_aws_general_33#terraform;aws athena update-work-group --region <REGION> --work-group <workgroup_name> --configuration-updates EnforceWorkGroupConfiguration=True;;;;;;;;958933162077;;;;;;us-east-2;primary;arn:aws:athena:us-east-2:958933162077:workgroup/primary
2025-05-07T08:46:08.241680;prowler-aws-athena_workgroup_enforce_configuration-958933162077-us-west-1-primary;aws;athena_workgroup_enforce_configuration;Ensure that workgroup configuration is enforced so it cannot be overriden by client-side settings.;Software and Configuration Checks;FAIL;Athena WorkGroup primary does not enforce the workgroup configuration, so it can be overridden by the client-side settings.;athena;;medium;WorkGroup;;;Ensure that workgroup configuration is enforced so it cannot be overriden by client-side settings.;If workgroup configuration is not enforced security settings like encryption can be overriden by client-side settings.;https://docs.aws.amazon.com/athena/latest/ug/workgroups-settings-override.html;Ensure that workgroup configuration is enforced so it cannot be overriden by client-side settings.;https://docs.aws.amazon.com/athena/latest/ug/workgroups-settings-override.html;https://docs.bridgecrew.io/docs/bc_aws_general_33#cloudformation;https://docs.bridgecrew.io/docs/bc_aws_general_33#terraform;aws athena update-work-group --region <REGION> --work-group <workgroup_name> --configuration-updates EnforceWorkGroupConfiguration=True;;;;;;;;958933162077;;;;;;us-west-1;primary;arn:aws:athena:us-west-1:958933162077:workgroup/primary
2025-05-07T08:46:08.241680;prowler-aws-athena_workgroup_enforce_configuration-958933162077-us-west-2-primary;aws;athena_workgroup_enforce_configuration;Ensure that workgroup configuration is enforced so it cannot be overriden by client-side settings.;Software and Configuration Checks;FAIL;Athena WorkGroup primary does not enforce the workgroup configuration, so it can be overridden by the client-side settings.;athena;;medium;WorkGroup;;;Ensure that workgroup configuration is enforced so it cannot be overriden by client-side settings.;If workgroup configuration is not enforced security settings like encryption can be overriden by client-side settings.;https://docs.aws.amazon.com/athena/latest/ug/workgroups-settings-override.html;Ensure that workgroup configuration is enforced so it cannot be overriden by client-side settings.;https://docs.aws.amazon.com/athena/latest/ug/workgroups-settings-override.html;https://docs.bridgecrew.io/docs/bc_aws_general_33#cloudformation;https://docs.bridgecrew.io/docs/bc_aws_general_33#terraform;aws athena update-work-group --region <REGION> --work-group <workgroup_name> --configuration-updates EnforceWorkGroupConfiguration=True;;;;;;;;958933162077;;;;;;us-west-2;primary;arn:aws:athena:us-west-2:958933162077:workgroup/primary
2025-05-07T08:46:08.241680;prowler-aws-awslambda_function_invoke_api_operations_cloudtrail_logging_enabled-958933162077-us-east-1-func_ssh;aws;awslambda_function_invoke_api_operations_cloudtrail_logging_enabled;Check if Lambda functions invoke API operations are being recorded by CloudTrail.;;PASS;Lambda function func_ssh is recorded by CloudTrail trail management-org-trail.;lambda;;low;AwsLambdaFunction;;;Check if Lambda functions invoke API operations are being recorded by CloudTrail.;"If logs are not enabled; monitoring of service use and threat analysis is not possible.";https://docs.aws.amazon.com/lambda/latest/dg/logging-using-cloudtrail.html;Make sure you are logging information about Lambda operations. Create a lifecycle and use cases for each trail.;https://docs.aws.amazon.com/lambda/latest/dg/logging-using-cloudtrail.html;;;;;AWS-Well-Architected-Framework-Security-Pillar: SEC04-BP01 | AWS-Well-Architected-Framework-Reliability-Pillar: REL06-BP01;forensics-ready;;;;;958933162077;;;;;;us-east-1;func_ssh;arn:aws:lambda:us-east-1:958933162077:function:func_ssh
2025-05-07T08:46:08.241680;prowler-aws-awslambda_function_no_secrets_in_code-958933162077-us-east-1-func_ssh;aws;awslambda_function_no_secrets_in_code;Find secrets in Lambda functions code.;;PASS;No secrets found in Lambda function func_ssh code.;lambda;;critical;AwsLambdaFunction;;;Find secrets in Lambda functions code.;"The use of a hard-coded password increases the possibility of password guessing.  If hard-coded passwords are used; it is possible that malicious users gain access through the account in question.";https://docs.aws.amazon.com/secretsmanager/latest/userguide/lambda-functions.html;Use Secrets Manager to securely provide database credentials to Lambda functions and secure the databases as well as use the credentials to connect and query them without hardcoding the secrets in code or passing them through environmental variables.;https://docs.aws.amazon.com/secretsmanager/latest/userguide/lambda-functions.html;;;;;MITRE-ATTACK: T1552 | AWS-Well-Architected-Framework-Security-Pillar: SEC02-BP03;secrets;;;;;958933162077;;;;;;us-east-1;func_ssh;arn:aws:lambda:us-east-1:958933162077:function:func_ssh
2025-05-07T08:46:08.241680;prowler-aws-awslambda_function_no_secrets_in_variables-958933162077-us-east-1-func_ssh;aws;awslambda_function_no_secrets_in_variables;Find secrets in Lambda functions variables.;;FAIL;Potential secret found in Lambda function func_ssh variables -> Private Key in variable SSH_KEY.;lambda;;critical;AwsLambdaFunction;;;Find secrets in Lambda functions variables.;"The use of a hard-coded password increases the possibility of password guessing. If hard-coded passwords are used; it is possible that malicious users gain access through the account in question.";https://docs.aws.amazon.com/secretsmanager/latest/userguide/lambda-functions.html;Use Secrets Manager to securely provide database credentials to Lambda functions and secure the databases as well as use the credentials to connect and query them without hardcoding the secrets in code or passing them through environmental variables.;https://docs.aws.amazon.com/secretsmanager/latest/userguide/lambda-functions.html;https://docs.bridgecrew.io/docs/bc_aws_secrets_3#cloudformation;https://docs.bridgecrew.io/docs/bc_aws_secrets_3#terraform;https://docs.bridgecrew.io/docs/bc_aws_secrets_3#cli-command;;MITRE-ATTACK: T1552 | AWS-Well-Architected-Framework-Security-Pillar: SEC02-BP03;secrets;;;;;958933162077;;;;;;us-east-1;func_ssh;arn:aws:lambda:us-east-1:958933162077:function:func_ssh
2025-05-07T08:46:08.241680;prowler-aws-awslambda_function_not_publicly_accessible-958933162077-us-east-1-func_ssh;aws;awslambda_function_not_publicly_accessible;Check if Lambda functions have resource-based policy set as Public.;;PASS;Lambda function func_ssh has a policy resource-based policy not public.;lambda;;critical;AwsLambdaFunction;;;Check if Lambda functions have resource-based policy set as Public.;Publicly accessible services could expose sensitive data to bad actors.;https://docs.aws.amazon.com/lambda/latest/dg/access-control-resource-based.html;Grant usage permission on a per-resource basis and applying least privilege principle.;https://docs.aws.amazon.com/lambda/latest/dg/access-control-resource-based.html;https://www.trendmicro.com/cloudoneconformity/knowledge-base/aws/Lambda/function-exposed.html;https://www.trendmicro.com/cloudoneconformity/knowledge-base/aws/Lambda/function-exposed.html;https://www.trendmicro.com/cloudoneconformity/knowledge-base/aws/Lambda/function-exposed.html;;CISA: your-systems-3, your-data-2 | MITRE-ATTACK: T1190 | HIPAA: 164_308_a_1_ii_b, 164_308_a_3_i, 164_312_a_1, 164_312_e_1 | GxP-21-CFR-Part-11: 11.10-d, 11.10-g | AWS-Well-Architected-Framework-Security-Pillar: SEC03-BP07, SEC03-BP08, SEC05-BP01, SEC06-BP02 | NIST-800-171-Revision-2: 3_1_1, 3_1_2, 3_1_3, 3_1_14, 3_13_1, 3_13_2, 3_13_5 | NIST-800-53-Revision-4: ac_4, sc_7_3, sc_7 | NIST-800-53-Revision-5: ac_2_6, ac_3, ac_3_7, ac_4_21, ac_6, ac_17_b, ac_17_1, ac_17_4_a, ac_17_9, ac_17_10, mp_2, sc_7_2, sc_7_3, sc_7_9_a, sc_7_11, sc_7_12, sc_7_16, sc_7_20, sc_7_21, sc_7_24_b, sc_7_a, sc_7_b, sc_7_c, sc_25 | ENS-RD2022: op.acc.4.aws.iam.1 | NIST-CSF-1.1: ac_3, ac_5, pt_4 | RBI-Cyber-Security-Framework: annex_i_1_3 | FFIEC: d3-pc-im-b-1 | PCI-3.2.1: lambda | FedRamp-Moderate-Revision-4: ac-3, ac-4, ac-6, ac-17-1, cm-2, sc-7-3, sc-7 | FedRAMP-Low-Revision-4: ac-3, ac-17, cm-2, sc-7;internet-exposed;;;;;958933162077;;;;;;us-east-1;func_ssh;arn:aws:lambda:us-east-1:958933162077:function:func_ssh
2025-05-07T08:46:08.241680;prowler-aws-awslambda_function_using_supported_runtimes-958933162077-us-east-1-func_ssh;aws;awslambda_function_using_supported_runtimes;Find obsolete Lambda runtimes.;;PASS;Lambda function func_ssh is using nodejs22.x which is supported.;lambda;;medium;AwsLambdaFunction;;;Find obsolete Lambda runtimes.;"If you have functions running on a runtime that will be deprecated in the next 60 days; Lambda notifies you by email that you should prepare by migrating your function to a supported runtime. In some cases; such as security issues that require a backwards-incompatible update; or software that does not support a long-term support (LTS) schedule; advance notice might not be possible. After a runtime is deprecated; Lambda might retire it completely at any time by disabling invocation. Deprecated runtimes are not eligible for security updates or technical support.";https://docs.aws.amazon.com/lambda/latest/dg/runtime-support-policy.html;Test new runtimes as they are made available. Implement them in production as soon as possible.;https://docs.aws.amazon.com/lambda/latest/dg/runtime-support-policy.html;;;aws lambda update-function-configuration --region AWS-REGION --function-name FUNCTION-NAME --runtime 'RUNTIME';;AWS-Foundational-Security-Best-Practices: lambda;;;;;;958933162077;;;;;;us-east-1;func_ssh;arn:aws:lambda:us-east-1:958933162077:function:func_ssh
2025-05-07T08:46:08.241680;prowler-aws-backup_vaults_exist-958933162077-us-east-1-958933162077;aws;backup_vaults_exist;Ensure AWS Backup vaults exist;Recover,Resilience,Backup;FAIL;No Backup Vault exist.;backup;;low;AwsBackupBackupVault;;;This check ensures that AWS Backup vaults exist to provide a secure and durable storage location for backup data.;Without an AWS Backup vault, an organization's critical data may be at risk of being lost in the event of an accidental deletion, system failures, or natural disasters.;https://docs.aws.amazon.com/aws-backup/latest/devguide/vaults.html;Use AWS Backup to create backup vaults for your critical data and services.;https://docs.aws.amazon.com/aws-backup/latest/devguide/vaults.html;;;aws backup create-backup-vault --backup-vault-name <backup_vault_name>;;ENS-RD2022: mp.info.6.aws.bcku.1;;;;;;958933162077;;;;;;us-east-1;958933162077;arn:aws:iam::958933162077:root
